client_name,client_region,theme,complaint_date,complaint_text
"Quantum Innovations Inc.","LC","Digital Channel","2024-05-15","The online banking portal has been down for over 24 hours, causing significant delays in our financial operations."
"Global Trade Solutions Ltd.","ICB","Payments","2024-05-14","A recent international payment was delayed by three days, resulting in penalties from our suppliers."
"Tech Innovators Corp.","MC","Customer Service","2024-05-13","The customer service team was unresponsive to our queries regarding account discrepancies."
"Alpha Enterprises Inc.","LC","Digital Channel","2024-05-12","The mobile banking app crashed multiple times today, preventing us from accessing critical financial information."
"Beta Solutions Group.","ICB","Payments","2024-05-11","An erroneous transaction was made from our account without authorization, leading to financial loss."
"Gamma Holdings Ltd.","MC","Account Management","2024-05-10","There were unauthorized changes made to our account settings without our consent."
"Delta Financial Services.","LC","Digital Channel","2024-05-09","The website is not loading properly, making it impossible to conduct transactions."
"Epsilon Tech Corp.","ICB","Payments","2024-05-08","A payment to a vendor was not processed, causing a delay in our supply chain."
"Zeta Solutions Inc.","MC","Customer Service","2024-05-07","We have not received a response to our email regarding a disputed charge."
"Eta Enterprises Ltd.","LC","Digital Channel","2024-05-06","The mobile app is not syncing with the online portal, leading to data inconsistencies."
"Theta Global Corp.","ICB","Payments","2024-05-05","An international wire transfer was incorrectly routed, causing a significant delay."
"Iota Financial Group.","MC","Account Management","2024-05-04","Our account was incorrectly flagged for suspicious activity, causing unnecessary delays."
"Kappa Innovations Inc.","LC","Digital Channel","2024-05-03","The online chat support is not functioning, making it difficult to get immediate assistance."
"Lambda Trade Solutions.","ICB","Payments","2024-05-02","A payment to a foreign supplier was not completed on time, resulting in a fine."
"Mu Holdings Ltd.","MC","Customer Service","2024-05-01","We have been waiting over a week for a response to our service request."
"Nu Enterprises Inc.","LC","Digital Channel","2024-04-30","The mobile app is not updating transaction history in real-time."
"Xi Solutions Group.","ICB","Payments","2024-04-29","A scheduled payment was not executed, causing a breach of contract with a client."
"Omicron Tech Corp.","MC","Account Management","2024-04-28","Our account was mistakenly frozen, preventing us from making necessary payments."
"Pi Financial Services.","LC","Digital Channel","2024-04-27","The website is experiencing frequent timeouts, disrupting our financial operations."
"Rho Global Corp.","ICB","Payments","2024-04-26","An international payment was incorrectly converted, resulting in a financial loss."
"Sigma Solutions Inc.","MC","Customer Service","2024-04-25","We have not received a callback from the support team despite multiple attempts."
"Tau Enterprises Ltd.","LC","Digital Channel","2024-04-24","The mobile app is not compatible with our new devices, causing access issues."
"Upsilon Trade Solutions.","ICB","Payments","2024-04-23","A payment to a vendor was duplicated, leading to an overpayment."
"Phi Financial Group.","MC","Account Management","2024-04-22","Our account details were incorrectly updated, causing confusion and delays."
"Chi Innovations Inc.","LC","Digital Channel","2024-04-21","The online portal is not displaying recent transactions, making it difficult to track finances."
"Psi Trade Solutions.","ICB","Payments","2024-04-20","A payment was not processed due to an error in the system, causing a delay in our operations."
"Omega Holdings Ltd.","MC","Customer Service","2024-04-19","We have been unable to reach a representative for over a week regarding our account issue."
"Alpha Prime Inc.","LC","Digital Channel","2024-04-18","The mobile app is not functioning correctly on iOS devices, causing access issues."
"Beta Prime Ltd.","ICB","Payments","2024-04-17","An international payment was not completed on time, resulting in a penalty from the recipient."
"Gamma Prime Corp.","MC","Account Management","2024-04-16","Our account was incorrectly linked to another client's account, causing confusion."
"Delta Prime Solutions.","LC","Digital Channel","2024-04-15","The website is not responsive, making it impossible to conduct transactions."
"Epsilon Prime Enterprises.","ICB","Payments","2024-04-14","A payment to a supplier was not processed, causing a delay in our supply chain."
"Zeta Prime Group.","MC","Customer Service","2024-04-13","We have not received a response to our email regarding a disputed charge."
"Eta Prime Inc.","LC","Digital Channel","2024-04-12","The mobile app is not syncing with the online portal, leading to data inconsistencies."
"Theta Prime Ltd.","ICB","Payments","2024-04-11","An international wire transfer was incorrectly routed, causing a significant delay."
"Iota Prime Corp.","MC","Account Management","2024-04-10","Our account was incorrectly flagged for suspicious activity, causing unnecessary delays."
"Kappa Prime Solutions.","LC","Digital Channel","2024-04-09","The online chat support is not functioning, making it difficult to get immediate assistance."
"Lambda Prime Trade.","ICB","Payments","2024-04-08","A payment to a foreign supplier was not completed on time, resulting in a fine."
"Mu Prime Holdings.","MC","Customer Service","2024-04-07","We have been waiting over a week for a response to our service request."
"Nu Prime Enterprises.","LC","Digital Channel","2024-04-06","The mobile app is not updating transaction history in real-time."
"Xi Prime Solutions.","ICB","Payments","2024-04-05","A scheduled payment was not executed, causing a breach of contract with a client."
"Omicron Prime Tech.","MC","Account Management","2024-04-04","Our account was mistakenly frozen, preventing us from making necessary payments."
"Pi Prime Financial.","LC","Digital Channel","2024-04-03","The website is experiencing frequent timeouts, disrupting our financial operations."
"Rho Prime Global.","ICB","Payments","2024-04-02","An international payment was incorrectly converted, resulting in a financial loss."
"Sigma Prime Solutions.","MC","Customer Service","2024-04-01","We have not received a callback from the support team despite multiple attempts."
```